Property Details	Detaljer
Property	Eiendom
Properties	Egenskaper
Development	Utvikling
Developments	Utviklingen
Details	Detaljer
Select	Velg
General	Generelt
Rates & Availability	Priser og tilgjengelighet
Reviews	Anmeldelser
Description	Beskrivelse
Amenities	Fasiliteter
Rates	Priser
Availability	Tilgjengelighet
Compare	Sammenligne
Property Name	Eiendoms Navn
Category	Kategori
Beds	Senger
Baths	Baths
Sleeps	Sover
Book Now	Bestill nå
Details & Availability	Detaljer og tilgjengelighet
Attractions	Attraksjoner
Distance	Avstand
Stories	Historier
Floor	Etasje
No rates available	Ingen priser tilgjengelig
Back to Results	Tilbake til resultatene
Search Buckets	Søke Bøtter
Specials	Tilbud
All Rentals	All utleie
Would you like to	Ønsker du å
Print this Page	Skriv ut denne siden
Available Properties	Tilgjengelige Properties
This page is secure	Denne siden er sikker
check here	sjekk her
Unit Size	Unit Size
Posted on	Skrevet den
Map & Attractions	Kart og attraksjoner
Map	Kart
Location	Beliggenhet
Nearby Rentals	Andre Rentals
Enquire Now	Spør nå
Have a Question?	Har et spørsmål?
Name	Navn
Phone	Telefon
Email	E-post
Toll Free	Tollfri
Fax	Faks
Direct	Direkte
Mobile	Mobil
Skype	Skype
Web Address	Web-adresse
Contact Us	Kontakt Oss
Our Address	Vår adresse
Talk to Us	Snakk med oss
View Larger Map	Se større kart
Check-In	Innsjekking
Check-Out	Sjekk Ut
How Did You Hear About Us?	Hvordan Fikk Du Høre Om Oss?
Comments	Kommentarer
Submit	Send inn
You May Also Like	Du kan også gjerne
News & Events	Nyheter og arrangementer
Connect With Us	Koble til med oss
Find your InstaVilla	Finn din InstaVilla
Search for Availability	Søk etter tilgjengelighet
Search	Søk
Clear	Clear
Advanced	Avansert
Applies To	Gjelder
Adults	Voksne
Children	Barn
Update	Oppdatering
Close	Lukk
more	mer
less	mindre
Show More Results	Vis flere resultater
There are no more results	Det er ikke flere resultater
List	Liste
Photo	Bilde
View as	Visning
There are currently no active promotions/specials	Det er for tiden ingen aktive kampanjer / tilbud
Effective Date	Ikrafttredelsesdato
Expiration Date	Utgåelsesdato
Apply	Påfør
Coupon Code	Kupongkode
See Details	Se Detaljer
Address	Adresse
City	By
State	Stat
Country	Land
Region	Region
Neighborhood	Nabolag
Postal Code	Postnummer
Province	Provinsen
Town	Byen
Fast Secure Online Booking	Fast Secure Online Booking
Charges	Avgifter
Taxes & Fees	Skatter og avgifter
Rent (including Taxes,Fees,& Deposits)	Rent (inkludert skatter, avgifter, og Innskudd)
Rent (including Taxes & Fees)	Leie (inkludert avgifter og gebyrer)
Rent (including Taxes)	Leie (inkludert avgifter)
Rent (including Fees)	Leie (inkludert avgifter)
Optional Fees	Valgfrie gebyrer
Refundable Security Deposit	Refunderbart depositum
Booking Details	Booking Detaljer
Rent	Leie
Fees	Avgifter
Taxes	Skatter
Optional Fees & Services	Valgfrie gebyrer og tjenester
Deposits	Innskudd
Discounts	Rabatter
Sub Total	Sub Total
Total	Total
First Name	Fornavn
Last Name	Etternavn
Special Requests	Spesielle forespørsler
Change Info	Endre Info
Accept Terms and Conditions	Godta vilkår
Please fill out all required fields	Vennligst fyll ut alle obligatoriske felter
The entered credit card is invalid	Den kom inn kredittkort er ugyldig
Please accept the terms and conditions	Vennligst godta vilkårene
Guest Information	Gjest Informasjon
Credit Card Information	Kredittkortinformasjon
Name on Card	Navn på kort
Card Type	Korttype
Card Number	Kortnummer
Expiration	Utløps
Month	Måned
Year	År
Security Code	Sikkerhetskode
Amount to be charged now	Beløpet som skal belastes nå
Amount Paid	Beløpet betalt
Amount Due Now	Beløps nå
Billing Address	Fakturaadresse
Street Line 1	Street Linje 1
Street Line 2	Street Linje 2
I have read and accept the terms and conditions	Jeg har lest og aksepterer vilkårene
Terms of Service	Vilkår for bruk
Rental Policy	Utleievilkår
Booking Disclaimer	Booking Ansvarsfraskrivelse
Review Now	Vurdering nå
Reserve Now	Bestill nå
You Saved	Du Lagret
Status	Status
Created On	Opprettet den
Hold Confirmation Number	Hold Bekreftelsesnummer
Quoted Rate	Oppgitte prisen
We are looking forward to your visit	Vi ser frem til ditt besøk
in the mean time	i mellomtiden
you may want to review one of these links	du kan være lurt å gjennomgå en av disse lenkene
Map and Description of Local Attractions	Kart og beskrivelse av Lokale attraksjoner
More Info About	Mer info om
located in	ligger i
Complete your booking now	Fullføre din bestilling nå
click here	klikk her
Your booking will be held until	Din bestilling vil bli avholdt før
A service from	En tjeneste fra
Best Regards	Med Vennlig Hilsen
Thank you for your interest in	Takk for din interesse
Toll-Free	Tollfri
Confirmed	Bekreftet
Held	Held
Checked In	Sjekket inn
Checked Out	Sjekket ut
Cancelled	Avbrutt
Pending Confirmation	Avventer Bekreftelse
Weather	Vær
Special Offers	Spesialtilbud
Blog	Blogg
Featured Suites	Utvalgte Suites
Revise Search	Gjennomgå søk
Similar Properties	Lignende eiendommer
Property Finders	Eiendoms Finders
Digital Footprint	Digital Footprint
Last Booking	Siste Booking
Last Email	Siste post
Last Event	Siste hendelse
Quote is valid for	Sitatet er gyldig for
minute(s)	minutt (er)
second(s)	sekund (er)
The credit card number should contain only digits	Kredittkortnummeret skal bare inneholde sifre
This quote is not valid any more	Dette sitatet er ikke gyldig lenger
The page will be automatically refreshed	Siden vil bli automatisk oppdatert
You will pay in	Du betaler
There are no properties in your wish list	Det er ingen eiendommer i din ønskeliste
Garage Spaces	Garasjeplasser
An unexpected error occurred	En uventet feil oppstod
Please try again later	Vennligst prøv igjen senere
Booking not found	Booking ikke funnet
Make a Payment	Foreta en betaling
Please verify this booking belongs to you	Vennligst bekreft reservasjonen tilhører deg
This booking has been canceled	Denne bestillingen er kansellert
Pay Now	Betal Nå
Filter by	Filtrer etter
Response	Svar
See full review on	Se hele vurderingen på
Lot Size	Tomtestørrelse
Privacy	Personvern
Privacy Policy	Personvern
Policy	Politikk
Terms	Vilkår
My WishList	Min Ønskeliste
WishList	Ønskeliste
WishListed	I din ønskeliste
Nights	Netter
Inquire Now	Spørre nå
Thank you, your request has been submitted.	Takk, forespørselen er sendt.
Booking %s was not found.	Booking %s ble ikke funnet.
Try again	prøv igjen
Please contact us to complete this transaction:	Kontakt oss for å fullføre denne transaksjonen:
Booking ID	Bestillingsnummeret
There was an error with PayPal	Det oppstod en feil med PayPal
Unfortunately, your payment failed. Don't worry, your booking is safe; but you will need to try your payment again.	Dessverre betalingen mislyktes. Bekymre deg ikke, din reservasjon er sikkert; men du må prøve betalingen igjen.
Payment Confirmed	Betaling bekreftet
Booking Confirmed	Booking bekreftet
Booking Complete	Booking komplett
Payment Complete	Betaling fullført
Create Booking	Opprette bestilling
Complete Payment	Helt
Next, please confirm your %s PayPal payment.	Deretter Bekreft %s PayPal betaling.
Confirm this payment	Bekrefte denne betalingen
Please contact us to complete this transaction:	Kontakt oss for å fullføre denne transaksjonen:
We're sorry, but your payment was unsuccessful.	Beklager, men betalingen var mislykket.